{"stats":{"minecraft:crafted":{"biomesoplenty:fir_planks":12,"minecraft:charcoal":3,"iceandfire:silver_ingot":2,"minecraft:crafting_table":1,"minecraft:stick":8,"minecraft:wooden_pickaxe":1,"minecraft:stone_pickaxe":1,"minecraft:furnace":1,"minecraft:stone_axe":1,"iceandfire:silver_sword":1,"minecraft:air":0},"minecraft:picked_up":{"minecraft:stick":13,"biomesoplenty:fir_sapling":10,"biomesoplenty:fir_log":22,"immersive_weathering:permafrost":4,"minecraft:bone":2,"iceandfire:raw_silver":2,"minecraft:cobblestone":17},"minecraft:mined":{"immersive_weathering:permafrost":3,"immersive_weathering:biomesoplenty/fir_leaf_pile":32,"iceandfire:silver_ore":2,"immersive_weathering:grassy_permafrost":3,"biomesoplenty:fir_log":22,"minecraft:stone":17},"minecraft:killed_by":{"man:managgresive":1},"minecraft:used":{"biomesoplenty:fir_sapling":4,"minecraft:stone_pickaxe":7,"minecraft:wooden_pickaxe":16,"biomesoplenty:fir_planks":1,"minecraft:stone_axe":20,"minecraft:cobblestone":3,"minecraft:crafting_table":1,"minecraft:furnace":1,"biomesoplenty:fir_log":1},"minecraft:custom":{"minecraft:time_since_rest":8829,"minecraft:interact_with_furnace":6,"minecraft:sprint_one_cm":5574,"minecraft:walk_one_cm":17858,"minecraft:damage_taken":255,"minecraft:drop":6,"minecraft:interact_with_crafting_table":7,"minecraft:fly_one_cm":4548,"minecraft:play_time":16167,"minecraft:deaths":1,"minecraft:sneak_time":52,"minecraft:jump":31,"minecraft:leave_game":1,"minecraft:time_since_death":9208,"minecraft:walk_on_water_one_cm":388,"minecraft:total_world_time":16167,"minecraft:fall_one_cm":482},"minecraft:dropped":{"biomesoplenty:fir_sapling":6}},"DataVersion":3465}