{"stats":{"minecraft:used":{"minecraft:wooden_axe":20,"minecraft:stone_pickaxe":216,"farmersdelight:cabbage_seeds":12,"minecraft:wooden_pickaxe":18,"farmersdelight:cabbage":1,"luminousworld:elephant_grass":3,"minecraft:stone_axe":8,"minecraft:oak_door":1,"minecraft:torch":2,"minecraft:cobblestone":9,"minecraft:crafting_table":2,"minecraft:furnace":1,"tombstone:gift":1,"minecraft:acacia_sapling":8},"minecraft:crafted":{"minecraft:oak_door":2,"minecraft:oak_planks":8,"minecraft:stone_shovel":1,"minecraft:charcoal":12,"minecraft:crafting_table":1,"minecraft:stick":4,"minecraft:wooden_pickaxe":1,"minecraft:stone_pickaxe":3,"minecraft:wooden_axe":1,"minecraft:stone_sword":1,"minecraft:furnace":1,"minecraft:acacia_planks":12,"minecraft:torch":4,"minecraft:stone_axe":1,"minecraft:air":0},"minecraft:custom":{"minecraft:time_since_rest":17090,"minecraft:interact_with_furnace":4,"minecraft:sprint_one_cm":56634,"minecraft:damage_taken":320,"minecraft:walk_one_cm":44874,"minecraft:swim_one_cm":3145,"minecraft:interact_with_crafting_table":11,"minecraft:fly_one_cm":16032,"minecraft:crouch_one_cm":100,"minecraft:play_time":25149,"minecraft:deaths":1,"minecraft:sneak_time":161,"minecraft:walk_under_water_one_cm":2681,"minecraft:jump":241,"minecraft:walk_on_water_one_cm":3020,"minecraft:time_since_death":17609,"minecraft:total_world_time":25149,"minecraft:fall_one_cm":1865},"minecraft:mined":{"farmersdelight:sandy_shrub":3,"minecraft:acacia_sapling":1,"jeg:scrap_ore":18,"immersive_weathering:acacia_leaf_pile":30,"minecraft:iron_ore":6,"minecraft:crafting_table":1,"minecraft:torch":1,"luminousworld:savannah_grass_1":7,"luminousworld:ishstone":8,"minecraft:grass":1,"minecraft:acacia_log":13,"minecraft:coal_ore":36,"minecraft:oak_log":10,"immersive_weathering:grassy_earthen_clay":2,"farmersdelight:cabbages":1,"minecraft:cobblestone":3,"farmersdelight:wild_cabbages":11,"minecraft:stone":161,"luminousworld:savannah_grass_4":1,"luminousworld:elephant_grass":4,"minecraft:oak_leaves":3,"luminousworld:savanna_grass_2":6,"immersive_weathering:oak_leaf_pile":19},"minecraft:broken":{"minecraft:stone_pickaxe":1},"minecraft:picked_up":{"minecraft:raw_iron":6,"minecraft:crafting_table":1,"minecraft:stick":12,"luminousworld:ishstone":8,"minecraft:torch":1,"alexsmobs:acacia_blossom":1,"minecraft:acacia_log":13,"minecraft:oak_log":10,"jeg:scrap":34,"immersive_weathering:earthen_clay":2,"farmersdelight:cabbage":1,"luminousworld:elephant_grass":3,"minecraft:oak_sapling":8,"minecraft:coal":35,"jeg:tech_trash":4,"minecraft:acacia_sapling":8,"farmersdelight:cabbage_seeds":12,"minecraft:cobblestone":164}},"DataVersion":3465}