{"stats":{"minecraft:used":{"minecraft:stone_shovel":28,"minecraft:stone_pickaxe":341,"farmersdelight:cabbage_seeds":12,"minecraft:wooden_pickaxe":18,"farmersdelight:cabbage":1,"minecraft:oak_door":1,"minecraft:torch":4,"minecraft:crafting_table":3,"minecraft:acacia_sapling":8,"minecraft:wooden_axe":20,"minecraft:iron_pickaxe":29,"luminousworld:elephant_grass":3,"minecraft:stone_axe":9,"minecraft:cobblestone":16,"minecraft:furnace":2,"tombstone:gift":1},"minecraft:crafted":{"minecraft:oak_door":2,"minecraft:oak_planks":8,"minecraft:stone_shovel":1,"minecraft:crafting_table":1,"minecraft:wooden_pickaxe":1,"minecraft:furnace":1,"minecraft:stone_axe":1,"minecraft:air":0,"minecraft:charcoal":12,"minecraft:stick":8,"minecraft:iron_ingot":6,"minecraft:iron_pickaxe":1,"minecraft:stone_pickaxe":3,"minecraft:wooden_axe":1,"minecraft:stone_sword":1,"minecraft:acacia_planks":12,"minecraft:torch":4},"minecraft:custom":{"minecraft:interact_with_furnace":7,"minecraft:interact_with_crafting_table":14,"minecraft:damage_dealt_resisted":5,"minecraft:time_since_death":1388,"minecraft:time_since_rest":985,"minecraft:sprint_one_cm":70471,"minecraft:damage_taken":420,"minecraft:walk_one_cm":66915,"minecraft:damage_dealt":7,"minecraft:swim_one_cm":3145,"minecraft:fly_one_cm":22370,"minecraft:crouch_one_cm":1394,"minecraft:play_time":37149,"minecraft:deaths":2,"minecraft:sneak_time":1045,"minecraft:walk_under_water_one_cm":2681,"minecraft:jump":409,"minecraft:walk_on_water_one_cm":3020,"minecraft:total_world_time":37149,"minecraft:fall_one_cm":2322},"minecraft:killed_by":{"cave_dweller:cave_dweller":1},"minecraft:mined":{"jeg:scrap_ore":19,"immersive_weathering:acacia_leaf_pile":30,"minecraft:crafting_table":2,"minecraft:torch":1,"luminousworld:savannah_grass_1":7,"minecraft:acacia_log":13,"born_in_chaos_v1:black_argillite":4,"farmersdelight:cabbages":1,"minecraft:copper_ore":4,"minecraft:cobblestone":5,"farmersdelight:wild_cabbages":11,"mna:vinteum_ore":17,"luminousworld:savanna_grass_2":6,"minecraft:deepslate_copper_ore":1,"jeg:deepslate_scrap_ore":2,"farmersdelight:sandy_shrub":3,"minecraft:acacia_sapling":1,"minecraft:furnace":1,"minecraft:iron_ore":6,"minecraft:grass":1,"minecraft:oak_log":10,"minecraft:coal_ore":36,"luminousworld:ishstone":11,"immersive_weathering:grassy_earthen_clay":2,"minecraft:dirt":28,"minecraft:stone":227,"luminousworld:elephant_grass":4,"luminousworld:savannah_grass_4":1,"minecraft:gold_ore":6,"minecraft:oak_leaves":3,"minecraft:deepslate":45,"immersive_weathering:oak_leaf_pile":19},"minecraft:broken":{"minecraft:stone_pickaxe":2},"minecraft:picked_up":{"minecraft:charcoal":2,"minecraft:crafting_table":2,"luminousworld:ishstone":11,"alexsmobs:acacia_blossom":1,"minecraft:oak_log":10,"jeg:scrap":41,"born_in_chaos_v1:black_argillite":4,"minecraft:dirt":28,"minecraft:raw_copper":17,"mna:vinteum_ore":17,"minecraft:cobbled_deepslate":43,"minecraft:raw_gold":6,"farmersdelight:cabbage":1,"luminousworld:elephant_grass":3,"minecraft:acacia_sapling":8,"jeg:tech_trash":4,"farmersdelight:cabbage_seeds":12,"minecraft:furnace":1,"minecraft:stick":12,"minecraft:raw_iron":6,"minecraft:torch":1,"minecraft:acacia_log":13,"immersive_weathering:earthen_clay":2,"minecraft:oak_sapling":8,"minecraft:coal":35,"minecraft:cobblestone":231}},"DataVersion":3465}