{"stats":{"minecraft:mined":{"jeg:scrap_ore":19,"immersive_weathering:acacia_leaf_pile":55,"born_in_chaos_v1:infected_diamond_ore":1,"minecraft:crafting_table":2,"minecraft:torch":1,"luminousworld:savannah_grass_1":7,"minecraft:acacia_log":24,"born_in_chaos_v1:black_argillite":4,"farmersdelight:cabbages":2,"minecraft:copper_ore":7,"minecraft:cobblestone":7,"farmersdelight:wild_cabbages":11,"mna:vinteum_ore":38,"minecraft:wall_torch":2,"luminousworld:savanna_grass_2":6,"minecraft:deepslate_copper_ore":2,"jeg:deepslate_scrap_ore":3,"farmersdelight:sandy_shrub":4,"minecraft:acacia_sapling":1,"minecraft:furnace":1,"minecraft:iron_ore":7,"minecraft:cobbled_deepslate":2,"minecraft:deepslate_lapis_ore":1,"minecraft:grass":1,"minecraft:oak_log":10,"minecraft:coal_ore":36,"luminousworld:ishstone":11,"immersive_weathering:grassy_earthen_clay":3,"minecraft:sand":17,"minecraft:dirt":28,"immersive_weathering:grassy_sandy_dirt":1,"minecraft:cobweb":4,"minecraft:stone":277,"luminousworld:elephant_grass":4,"luminousworld:savannah_grass_4":1,"minecraft:gold_ore":6,"minecraft:oak_leaves":3,"minecraft:deepslate":64,"luminousworld:savannah_ground":1,"immersive_weathering:oak_leaf_pile":19},"minecraft:crafted":{"minecraft:oak_door":2,"minecraft:oak_planks":24,"minecraft:stone_shovel":1,"minecraft:crafting_table":1,"minecraft:wooden_pickaxe":1,"minecraft:furnace":2,"minecraft:bucket":1,"minecraft:stone_axe":1,"minecraft:air":0,"minecraft:charcoal":12,"minecraft:stick":16,"quark:oak_chest":1,"minecraft:iron_ingot":6,"minecraft:iron_pickaxe":1,"minecraft:stone_pickaxe":3,"minecraft:wooden_axe":1,"minecraft:stone_sword":1,"minecraft:acacia_planks":12,"minecraft:torch":20,"minecraft:stone_hoe":1},"minecraft:killed_by":{"undead_revamp2:therod":1,"cave_dweller:cave_dweller":2,"born_in_chaos_v1:maggot":1},"minecraft:killed":{"minecraft:husk":1,"born_in_chaos_v1:diamond_termite":2,"born_in_chaos_v1:maggot":2,"minecraft:zombie":2,"iceandfire:ghost":1,"enemyexpansion:botfly":1,"undead_revamp2:therod":5,"luminousworld:savannah_zombie":1},"minecraft:broken":{"minecraft:stone_pickaxe":2},"minecraft:picked_up":{"born_in_chaos_v1:corpse_maggot":1,"minecraft:charcoal":12,"minecraft:crafting_table":2,"born_in_chaos_v1:diamond_termite_shard":2,"luminousworld:savannah_ground":1,"luminousworld:ishstone":11,"alexsmobs:acacia_blossom":1,"immersive_weathering:sandy_dirt":1,"minecraft:enchanted_book":1,"minecraft:oak_log":10,"jeg:scrap":41,"born_in_chaos_v1:black_argillite":4,"minecraft:lapis_lazuli":6,"minecraft:dirt":28,"minecraft:string":4,"tombstone:gift":1,"minecraft:raw_copper":26,"minecraft:iron_axe":1,"mna:vinteum_ore":38,"minecraft:cobbled_deepslate":63,"minecraft:raw_gold":6,"farmersdelight:cabbage":1,"luminousworld:elephant_grass":3,"minecraft:iron_pickaxe":1,"minecraft:acacia_sapling":13,"jeg:tech_trash":6,"farmersdelight:cabbage_seeds":13,"minecraft:furnace":1,"minecraft:stick":16,"minecraft:raw_iron":7,"minecraft:copper_ingot":7,"minecraft:torch":4,"minecraft:acacia_log":24,"minecraft:sand":16,"tombstone:grave_dust":2,"minecraft:bundle":1,"minecraft:rotten_flesh":12,"immersive_weathering:earthen_clay":3,"minecraft:beetroot_seeds":1,"supplementaries:ash":1,"minecraft:oak_sapling":24,"minecraft:melon_seeds":4,"minecraft:coal":35,"minecraft:cobblestone":283},"minecraft:used":{"minecraft:water_bucket":3,"minecraft:stone_sword":73,"minecraft:stone_shovel":46,"minecraft:stone_pickaxe":373,"farmersdelight:cabbage_seeds":13,"minecraft:wooden_pickaxe":18,"farmersdelight:cabbage":1,"luminousworld:savannah_ground":1,"minecraft:stone_hoe":4,"immersive_weathering:sandy_dirt":1,"minecraft:oak_door":1,"minecraft:torch":21,"minecraft:crafting_table":3,"minecraft:acacia_sapling":8,"minecraft:wooden_axe":20,"minecraft:iron_pickaxe":104,"minecraft:iron_axe":12,"luminousworld:elephant_grass":3,"minecraft:melon_seeds":4,"minecraft:stone_axe":28,"minecraft:cobblestone":18,"minecraft:furnace":3,"minecraft:bucket":3,"tombstone:gift":2,"quark:oak_chest":1,"minecraft:cobbled_deepslate":1},"minecraft:dropped":{"minecraft:charcoal":10,"minecraft:oak_sapling":16,"minecraft:iron_pickaxe":1},"minecraft:custom":{"minecraft:interact_with_furnace":13,"minecraft:mob_kills":15,"minecraft:interact_with_crafting_table":18,"minecraft:damage_dealt_resisted":681,"minecraft:leave_game":2,"minecraft:time_since_death":26424,"minecraft:time_since_rest":25096,"minecraft:sprint_one_cm":147567,"minecraft:damage_taken":1420,"minecraft:walk_one_cm":176358,"minecraft:drop":4,"minecraft:damage_dealt":4009,"minecraft:swim_one_cm":4147,"minecraft:fly_one_cm":54199,"minecraft:open_chest":13,"minecraft:play_time":101377,"minecraft:crouch_one_cm":5838,"tombstone:undead_killed":10,"minecraft:deaths":5,"minecraft:sneak_time":2513,"minecraft:walk_under_water_one_cm":6614,"minecraft:jump":1106,"minecraft:walk_on_water_one_cm":23436,"minecraft:total_world_time":101377,"minecraft:fall_one_cm":3913}},"DataVersion":3465}