{"stats":{"minecraft:custom":{"minecraft:jump":14,"minecraft:time_since_rest":6703,"minecraft:crouch_one_cm":216,"minecraft:leave_game":1,"minecraft:sprint_one_cm":5816,"minecraft:play_time":6703,"minecraft:time_since_death":6703,"minecraft:walk_one_cm":7379,"minecraft:sneak_time":53,"minecraft:total_world_time":6703,"minecraft:fall_one_cm":209,"minecraft:fly_one_cm":1987},"minecraft:mined":{"minecraft:grass":13,"immersive_weathering:dune_grass":1,"minecraft:sand":7},"minecraft:used":{"minecraft:sand":6},"minecraft:picked_up":{"minecraft:sand":6,"ecologics:coconut_slice":2,"minecraft:wheat_seeds":1}},"DataVersion":3465}