{"stats":{"minecraft:used":{"minecraft:wooden_axe":20,"minecraft:stone_pickaxe":67,"farmersdelight:cabbage_seeds":12,"minecraft:wooden_pickaxe":18,"farmersdelight:cabbage":1,"luminousworld:elephant_grass":3,"minecraft:oak_door":1,"minecraft:torch":1,"minecraft:cobblestone":4,"minecraft:crafting_table":1,"minecraft:furnace":1,"tombstone:gift":1,"minecraft:acacia_sapling":8},"minecraft:crafted":{"minecraft:oak_door":2,"minecraft:oak_planks":8,"minecraft:stone_shovel":1,"minecraft:charcoal":9,"minecraft:crafting_table":1,"minecraft:stick":4,"minecraft:wooden_pickaxe":1,"minecraft:stone_pickaxe":1,"minecraft:wooden_axe":1,"minecraft:stone_sword":1,"minecraft:furnace":1,"minecraft:acacia_planks":12,"minecraft:torch":4,"minecraft:stone_axe":1,"minecraft:air":0},"minecraft:custom":{"minecraft:time_since_rest":5090,"minecraft:interact_with_furnace":3,"minecraft:sprint_one_cm":39300,"minecraft:damage_taken":200,"minecraft:walk_one_cm":27648,"minecraft:interact_with_crafting_table":8,"minecraft:fly_one_cm":12306,"minecraft:crouch_one_cm":100,"minecraft:play_time":13149,"minecraft:deaths":1,"minecraft:sneak_time":116,"minecraft:jump":81,"minecraft:time_since_death":5609,"minecraft:total_world_time":13149,"minecraft:fall_one_cm":1447},"minecraft:mined":{"farmersdelight:sandy_shrub":3,"minecraft:acacia_sapling":1,"jeg:scrap_ore":10,"immersive_weathering:acacia_leaf_pile":30,"luminousworld:savannah_grass_1":6,"minecraft:acacia_log":13,"minecraft:oak_log":4,"immersive_weathering:grassy_earthen_clay":2,"farmersdelight:cabbages":1,"minecraft:cobblestone":3,"farmersdelight:wild_cabbages":11,"minecraft:stone":70,"luminousworld:savannah_grass_4":1,"luminousworld:elephant_grass":3,"minecraft:oak_leaves":3,"luminousworld:savanna_grass_2":5,"immersive_weathering:oak_leaf_pile":14},"minecraft:picked_up":{"minecraft:stick":8,"alexsmobs:acacia_blossom":1,"minecraft:acacia_log":13,"minecraft:oak_log":4,"jeg:scrap":19,"immersive_weathering:earthen_clay":2,"farmersdelight:cabbage":1,"luminousworld:elephant_grass":3,"minecraft:oak_sapling":3,"jeg:tech_trash":2,"minecraft:acacia_sapling":8,"farmersdelight:cabbage_seeds":12,"minecraft:cobblestone":73}},"DataVersion":3465}