{"stats":{"minecraft:used":{"minecraft:water_bucket":1,"minecraft:stone_sword":49,"minecraft:stone_shovel":45,"minecraft:stone_pickaxe":361,"farmersdelight:cabbage_seeds":13,"minecraft:wooden_pickaxe":18,"farmersdelight:cabbage":1,"luminousworld:savannah_ground":1,"minecraft:oak_door":1,"minecraft:torch":19,"minecraft:crafting_table":3,"minecraft:acacia_sapling":8,"minecraft:wooden_axe":20,"minecraft:iron_pickaxe":93,"luminousworld:elephant_grass":3,"minecraft:stone_axe":27,"minecraft:cobblestone":18,"minecraft:furnace":2,"minecraft:bucket":1,"tombstone:gift":1,"minecraft:cobbled_deepslate":1},"minecraft:crafted":{"minecraft:oak_door":2,"minecraft:oak_planks":12,"minecraft:stone_shovel":1,"minecraft:crafting_table":1,"minecraft:wooden_pickaxe":1,"minecraft:furnace":1,"minecraft:bucket":1,"minecraft:stone_axe":1,"minecraft:air":0,"minecraft:charcoal":12,"minecraft:stick":16,"minecraft:iron_ingot":6,"minecraft:iron_pickaxe":1,"minecraft:stone_pickaxe":3,"minecraft:wooden_axe":1,"minecraft:stone_sword":1,"minecraft:acacia_planks":12,"minecraft:torch":20},"minecraft:custom":{"minecraft:interact_with_furnace":8,"minecraft:mob_kills":11,"minecraft:interact_with_crafting_table":15,"minecraft:damage_dealt_resisted":681,"minecraft:time_since_death":9225,"minecraft:time_since_rest":7864,"minecraft:sprint_one_cm":116191,"minecraft:damage_taken":1140,"minecraft:walk_one_cm":135295,"minecraft:drop":1,"minecraft:damage_dealt":2968,"minecraft:swim_one_cm":3145,"minecraft:fly_one_cm":41946,"minecraft:open_chest":1,"minecraft:crouch_one_cm":5575,"tombstone:undead_killed":6,"minecraft:play_time":73149,"minecraft:deaths":4,"minecraft:sneak_time":2238,"minecraft:walk_under_water_one_cm":2681,"minecraft:jump":821,"minecraft:walk_on_water_one_cm":3051,"minecraft:total_world_time":73149,"minecraft:fall_one_cm":3704},"minecraft:killed_by":{"cave_dweller:cave_dweller":2,"born_in_chaos_v1:maggot":1},"minecraft:dropped":{"minecraft:charcoal":10},"minecraft:killed":{"minecraft:husk":1,"born_in_chaos_v1:diamond_termite":2,"born_in_chaos_v1:maggot":2,"minecraft:zombie":2,"iceandfire:ghost":1,"enemyexpansion:botfly":1,"undead_revamp2:therod":1,"luminousworld:savannah_zombie":1},"minecraft:mined":{"jeg:scrap_ore":19,"immersive_weathering:acacia_leaf_pile":30,"born_in_chaos_v1:infected_diamond_ore":1,"minecraft:crafting_table":2,"minecraft:torch":1,"luminousworld:savannah_grass_1":7,"minecraft:acacia_log":13,"born_in_chaos_v1:black_argillite":4,"farmersdelight:cabbages":2,"minecraft:copper_ore":7,"minecraft:cobblestone":7,"farmersdelight:wild_cabbages":11,"mna:vinteum_ore":38,"minecraft:wall_torch":2,"luminousworld:savanna_grass_2":6,"minecraft:deepslate_copper_ore":2,"jeg:deepslate_scrap_ore":3,"farmersdelight:sandy_shrub":3,"minecraft:acacia_sapling":1,"minecraft:furnace":1,"minecraft:cobbled_deepslate":2,"minecraft:iron_ore":6,"minecraft:deepslate_lapis_ore":1,"minecraft:grass":1,"minecraft:oak_log":10,"minecraft:coal_ore":36,"luminousworld:ishstone":11,"immersive_weathering:grassy_earthen_clay":3,"minecraft:sand":17,"minecraft:dirt":28,"minecraft:cobweb":3,"minecraft:stone":258,"luminousworld:elephant_grass":4,"luminousworld:savannah_grass_4":1,"minecraft:gold_ore":6,"minecraft:oak_leaves":3,"minecraft:deepslate":62,"luminousworld:savannah_ground":1,"immersive_weathering:oak_leaf_pile":19},"minecraft:broken":{"minecraft:stone_pickaxe":2},"minecraft:picked_up":{"born_in_chaos_v1:corpse_maggot":1,"minecraft:charcoal":12,"born_in_chaos_v1:diamond_termite_shard":2,"minecraft:crafting_table":2,"luminousworld:savannah_ground":1,"luminousworld:ishstone":11,"alexsmobs:acacia_blossom":1,"minecraft:oak_log":10,"jeg:scrap":41,"born_in_chaos_v1:black_argillite":4,"minecraft:lapis_lazuli":6,"minecraft:string":3,"minecraft:dirt":28,"minecraft:raw_copper":26,"mna:vinteum_ore":38,"minecraft:cobbled_deepslate":61,"minecraft:raw_gold":6,"farmersdelight:cabbage":1,"luminousworld:elephant_grass":3,"minecraft:acacia_sapling":8,"jeg:tech_trash":6,"farmersdelight:cabbage_seeds":13,"minecraft:furnace":1,"minecraft:stick":12,"minecraft:raw_iron":6,"minecraft:torch":3,"minecraft:acacia_log":13,"minecraft:sand":16,"tombstone:grave_dust":2,"minecraft:bundle":1,"minecraft:rotten_flesh":7,"immersive_weathering:earthen_clay":3,"supplementaries:ash":1,"minecraft:oak_sapling":8,"minecraft:melon_seeds":4,"minecraft:coal":35,"minecraft:cobblestone":264}},"DataVersion":3465}