{"stats":{"minecraft:crafted":{"minecraft:stick":4,"minecraft:stone_shovel":1,"minecraft:stone_pickaxe":1},"minecraft:killed_by":{"iceandfire:ghost":1},"minecraft:picked_up":{"iceandfire:ectoplasm":1,"alexsmobs:flying_fish":2},"minecraft:custom":{"minecraft:jump":96,"minecraft:open_chest":4,"minecraft:time_since_rest":6942,"minecraft:deaths":1,"minecraft:walk_on_water_one_cm":588,"minecraft:crouch_one_cm":78,"minecraft:sprint_one_cm":25971,"minecraft:leave_game":1,"minecraft:play_time":13081,"minecraft:damage_taken":225,"minecraft:time_since_death":7252,"minecraft:walk_one_cm":23145,"minecraft:sneak_time":63,"minecraft:total_world_time":13081,"minecraft:walk_under_water_one_cm":980,"minecraft:swim_one_cm":1242,"minecraft:interact_with_crafting_table":1,"minecraft:fly_one_cm":5762}},"DataVersion":3465}